<!--Note: Hard Carriage Returns and Spaces between the CDATA tags will show up in your messages.-->

<simText>
<!-- index 0 -->
<textData pageId="etc0600401-0" index="0">
<![CDATA[Great, now that you've powered the circuit and observed the DMM readings, let's take a look at what happens during this circuit's operation.<br><br>Click Continue to take a look.]]>
</textData>


<!-- index 1 -->
<textData pageId="etc0600401-1" index="1">
<![CDATA[Voltage is available before the toggle switch in the circuit.<br><br>A path to ground is available after the push-button switch and relay to contact(E).]]>
</textData>


<!-- index 2 -->
<textData pageId="etc0600401-2" index="2">
<![CDATA[When the toggle switch is closed, voltage is available:<ul><li>From the toggle switch to the push button</li><li>From the toggle switch through relay contact(F)</li><li>From the toggle switch through the diode</li></li>to relay contact(A)(/li).<br><br>A path to ground is available after the push button switch and to relay contact(E).]]>
</textData>


<!-- index 3 -->
<textData pageId="etc0600401-3" index="3">
<![CDATA[When the push button switch is closed, current flows through the relay coil, generating a magnetic field.<br><br>Current is unable to flow through the diode because it is reverse biased.]]>
</textData>


<!-- index 4 -->
<textData pageId="etc0600401-4" index="4">
<![CDATA[The magnetic field generated by current flowing through the relay coil pulls the relay armature plate in towards the coil, and closes the contacts.]]>
</textData>


<!-- index 5 -->
<textData pageId="etc0600401-5" index="5">
<![CDATA[Current flows through the relay contacts and the bulbs illuminate.<br><br>The diode is still in reverse bias, preventing current flow through its part of the circuit.<br><br>The relay coil's magnetic field continues to hold the contacts closed.]]>
</textData>


<!-- index 6 -->
<textData pageId="etc0600401-6" index="6">
<![CDATA[As the push button switch is released, the magnetic field begins to collapse.<br><br>As the magnetic field collapses, the magnetic lines of force pass over the coil and voltage is induced.]]>
</textData>


<!-- index 7 -->
<textData pageId="etc0600401-7" index="7">
<![CDATA[As the magnetic field collapses, the magnetic lines of force pass over the coil and voltage is induced.]]>
</textData>


<!-- index 8 -->
<textData pageId="etc0600401-8" index="8">
<![CDATA[While the magnetic field collapses, the induced current is in reverse direction to that of the applied voltage.<br><br>The diode gives the current a complete path and flows until the spike is dissipated.<br><br>This prevents damage to components and reduces radio frequency interference.]]>
</textData>


<!-- index 9 -->
<textData pageId="etc0600402-1" index="9">
<![CDATA[Which effect does adding a clamping diode parallel to the relay coil have on this circuit?]]>
</textData>


<!-- index 10 -->
<textData pageId="etc0600402-2" index="10">
<![CDATA[The diode provides a controlled path for current to flow when the circuit is opened untill the induced voltage dissipates.]]>
</textData>


<!-- index 11 -->
<textData pageId="etc0600402-3" index="11">
<![CDATA[The diode reduces the current flow when the circuit is closed, resulting in lower voltage surges.]]>
</textData>


<!-- index 12 -->
<textData pageId="etc0600402-4" index="12">
<![CDATA[The diode amplifies the magnetic field produced by the relay coil during circuit operation.]]>
</textData>


<!-- index 13 -->
<textData pageId="etc0600402-5" index="13">
<![CDATA[The diode increases the output of other loads in the circuit during relay operation.]]>
</textData>


<!-- index 14 -->
<textData pageId="etc0600402-6" index="14">
<![CDATA[Correct, the clamping diode prevents induced voltage spikes from damaging computers and causing radio frequency interference.<br><br>Please click Continue.]]>
</textData>


<!-- index 15 -->
<textData pageId="etc0600402-7" index="15">
<![CDATA[Incorrect, please try again.]]>
</textData>


<!-- index 16 -->
<textData pageId="etc0600403-1" index="16">
<![CDATA[In an electrical schematic, the diode symbol arrow indicates the ______________.]]>
</textData>


<!-- index 17 -->
<textData pageId="etc0600403-2" index="17">
<![CDATA[direction of current flow when the diode is preventing current from flowing across the P-N junction]]>
</textData>


<!-- index 18 -->
<textData pageId="etc0600403-3" index="18">
<![CDATA[diode's lead placement orientation when the diode is reverse bias]]>
</textData>


<!-- index 19 -->
<textData pageId="etc0600403-4" index="19">
<![CDATA[direction of current flow when the diode is conducting and current is flowing across the P-N junction]]>
</textData>


<!-- index 20 -->
<textData pageId="etc0600403-5" index="20">
<![CDATA[maximum rated load specification of the diode before diode failure occurs]]>
</textData>


<!-- index 21 -->
<textData pageId="etc0600403-6" index="21">
<![CDATA[No, please try again.]]>
</textData>


<!-- index 22 -->
<textData pageId="etc0600403-7" index="22">
<![CDATA[Correct!<br>The arrow on a diode indicates the direction of current flow when the diode is forward biased.<br><br>Click Continue to move on.]]>
</textData>

<!-- index 23 -->
<textData pageId="etc0600402-8" index="23">
<![CDATA[I'm sorry, diodes do not reduce current flow. Diodes block or allow current flow.<br><br>Please try again.]]>
</textData>

<!-- index 24 -->
<textData pageId="etc0600402-9" index="24">
<![CDATA[I'm sorry, diodes do not act as amplifiers. Diodes block or allow current flow.<br><br>Please try again.]]>
</textData>

<!-- index 25 -->
<textData pageId="etc0600402-10" index="25">
<![CDATA[I'm sorry, diodes cannot be used to increase output. Diodes block or allow current flow.<br><br>Please try again.]]>
</textData>

<!-- index 26 -->
<textData pageId="etc0600403-8" index="26">
<![CDATA[I'm sorry, the arrow shows current flow when the diode is forward biased.<br><br>Please try again.]]>
</textData>

<!-- index 27 -->
<textData pageId="etc0600403-9" index="27">
<![CDATA[I'm sorry, the arrow indicates the direction of conventional current flow.<br><br>Please try again.]]>
</textData>

<!-- index 28 -->
<textData pageId="etc0600403-10" index="28">
<![CDATA[I'm sorry, diode loads are rated differently. The arrow indicates the direction of conventional current flow.<br><br>Please try again.]]>
</textData>


</simText>