<!--Note: Hard Carriage Returns and Spaces between the CDATA tags will show up in your messages.-->

<simText>
<!-- index 0 -->
<textData pageId="etc0600201-0" index="0">
<![CDATA[Great, now that you've powered the circuit and observed the DMM readings, let's take a look at what happens during the circuit's operation.<br><br>Click Continue to take a look.]]>
</textData>


<!-- index 1 -->
<textData pageId="etc0600201-1" index="1">
<![CDATA[Voltage is available before the toggle switch in the circuit.<br><br>A path to ground is available after the push-button switch and to relay contact (E).]]>
</textData>


<!-- index 2 -->
<textData pageId="etc0600201-2" index="2">
<![CDATA[When the toggle switch is closed, voltage is available:<ul><li>In the circuit ending at the open push button switch</li><li>From the toggle switch to the push button</li><li>To the toggle switch through relay contact (A)</li></ul><br>A path to ground is still available after the push button switch and to relay contact (E).]]>
</textData>


<!-- index 3 -->
<textData pageId="etc0600201-3" index="3">
<![CDATA[When the push button switch is closed, current flows through the relay coil.<br><br>This generates a magnetic field, represented here as lines of force.]]>
</textData>


<!-- index 4 -->
<textData pageId="etc0600201-4" index="4">
<![CDATA[The magnetic field generated by current flowing through the relay coil pulls the relay armature plate in towards the coil, and closes the contacts.]]>
</textData>


<!-- index 5 -->
<textData pageId="etc0600201-5" index="5">
<![CDATA[Current is now allowed to flow through the bulbs and closed relay contacts.<br><br>The relay coil continues to hold the contacts closed with the magnetic field produced.]]>
</textData>


<!-- index 6 -->
<textData pageId="etc0600201-6" index="6">
<![CDATA[As the push button switch is released, the magnetic field begins to collapse.<br><br>As the magnetic field collapses, the magnetic lines of force pass over the coil and a reverse voltage is induced.<br><br>The voltage will be of opposite polarity to the previous example.]]>
</textData>


<!-- index 7 -->
<textData pageId="etc0600201-7" index="7">
<![CDATA[As the magnetic field collapses, the magnetic lines of force pass over the coil and a reverse voltage is induced.<br><br>The voltage will be of opposite polarity to the previous example.]]>
</textData>


<!-- index 8 -->
<textData pageId="etc0600201-8" index="8">
<![CDATA[The voltage created during the EMI can be very high, damaging components and causing radio frequency interference.<br><br>Voltage spike travels through circuit.]]>
</textData>


<!-- index 9 -->
<textData pageId="etc0600201-9" index="9">
<![CDATA[Lets see what happens when a clamping diode is added to the circuit parallel to the relay coil.<br><br>Click Continue to move on.]]>
</textData>


</simText>
